,experimental,prediction
Rubisco,20.4,62.21578003911
PGA kinase,0.36,0.02994050675658546
GAPDH,0.76,0.061038406845785424
Triose P Isom.,0.53,0.023942038240731253
FBPase,0.16,0.0
Transketolase,0.23,0.1826473750001615
Aldolase,1.22,0.12534315119241363
SBPase,2.32,0.23923958993527858
R5P epimerase,0.08,0.009844962865143556
R5P isomerase,0.09,0.0006519846697165524
Ru5P kinase,0.51,0.2520454318112349
